projectId,project,district,existingCoverageStatement,result,checkedPublicReferences
mcity-1-2,M City M1 and M2,Downtown,Source geometry available; current detail may differ,No direct exterior 3D download found in inspected page(s); existing City source geometry or documented supplement remains baseline,https://www.mississauga.ca/projects-and-strategies/city-projects/m-city/; https://www.mcitycondos.com/construction.php
mcity-3,M City M3,Downtown,photo-and-plan-derived approximate crown shell,No direct exterior 3D download found in inspected page(s); existing City source geometry or documented supplement remains baseline,https://www.mississauga.ca/projects-and-strategies/city-projects/m-city/; https://www.mcitycondos.com/construction.php
mcity-4,M City M4,Downtown,Published-plan envelope added; approximate placement and maximum roof profile,No direct exterior 3D download found in inspected page(s); existing City source geometry or documented supplement remains baseline,https://www.mississauga.ca/projects-and-strategies/city-projects/m-city/; https://www.mcitycondos.com/construction.php
mcity-5,M City M5,Downtown,native developer interaction proxy; unverified architectural envelope,No direct exterior 3D download found in inspected page(s); existing City source geometry or documented supplement remains baseline,https://www.mississauga.ca/projects-and-strategies/city-projects/m-city/; https://www.mcitycondos.com/construction.php
mcity-6,M City M6,Downtown,Source geometry available; current detail may differ,No direct exterior 3D download found in inspected page(s); existing City source geometry or documented supplement remains baseline,https://www.hariripontarini.com/projects/m-city-block-2-3; https://www.mississauga.ca/projects-and-strategies/city-projects/m-city/
mcity-7-8,M City M7 and M8,Downtown,Source geometry available; current detail may differ,No direct exterior 3D download found in inspected page(s); existing City source geometry or documented supplement remains baseline,https://www.hariripontarini.com/projects/m-city-block-2-3; https://www.mississauga.ca/projects-and-strategies/city-projects/m-city/
square-one-masterplan,Square One District master plan,Downtown,Latest geometry unavailable in source model,No direct exterior 3D download found in inspected page(s); existing City source geometry or documented supplement remains baseline,https://www.oxfordproperties.com/news/square-one-district-rich-living-with-a-european-touch; https://www.hariripontarini.com/projects/square-one-district
square-one-phase1,Square One District Phase 1: STAK 36 and Dialogue,Downtown,Source geometry available; current detail may differ,No direct exterior 3D download found in inspected page(s); existing City source geometry or documented supplement remains baseline,https://publications.oxfordproperties.com/sq1-district-retail/about-sq1-district-retail; https://www.rentdialogue.com/suites
square-one-phase2,Square One District: 4250 Living Arts Drive and 320 Rathburn Road West,Downtown,Source geometry available; current detail may differ,No direct exterior 3D download found in inspected page(s); existing City source geometry or documented supplement remains baseline,https://publications.oxfordproperties.com/sq1-district-retail/about-sq1-district-retail
square-one-block5-t1,Square One District Block 5 Tower 1,Downtown,New public-plan-derived schematic now available,No direct exterior 3D download found in inspected page(s); existing City source geometry or documented supplement remains baseline,https://cdn.skyrisecities.com/sites/default/files/images/articles/2026/04/60745/60745-196039.jpg; https://cdn.skyrisecities.com/sites/default/files/images/articles/2026/04/60745/60745-196038.jpg
square-one-block22,Square One District Block 22 /97–101 City Centre,Downtown,Source geometry available; current detail may differ,No direct exterior 3D download found in inspected page(s); existing City source geometry or documented supplement remains baseline,https://www.mississauga.ca/wp-content/uploads/2025/01/15082458/MOPA177-jan-2025.pdf
square-one-office,Offices at Square One District /Block 14,Downtown,Source geometry available; current detail may differ,No direct exterior 3D download found in inspected page(s); existing City source geometry or documented supplement remains baseline,https://livesquareonedistrict.com/the-offices/; https://www.investmississauga.ca/downtown/commercial-opportunities/offices-sq1-district/
exchange-district,"Exchange District: EX1, EX2, EX3 and EXS",Downtown,Source geometry available; current detail may differ,No direct exterior 3D download found in inspected page(s); existing City source geometry or documented supplement remains baseline,https://www.arcadis.com/en-us/projects/north-america/canada/exchange-district; https://rentexs.com/
exchange-south,Exchange District South /The Southlands,Downtown,Source geometry available; current detail may differ,No direct exterior 3D download found in inspected page(s); existing City source geometry or documented supplement remains baseline,https://www.mississauga.ca/wp-content/uploads/2025/01/15082458/MOPA177-jan-2025.pdf
180-burnhamthorpe,180 Burnhamthorpe Road West,Downtown,Geometry conflict or version uncertainty; inspect evidence,No direct exterior 3D download found in inspected page(s); existing City source geometry or documented supplement remains baseline,https://www.mississauga.ca/wp-content/uploads/2025/01/15082458/MOPA177-jan-2025.pdf
4310-sherwoodtowne,4310 Sherwoodtowne Boulevard,Downtown,Geometry conflict or version uncertainty; inspect evidence,No direct exterior 3D download found in inspected page(s); existing City source geometry or documented supplement remains baseline,https://www.mississauga.ca/wp-content/uploads/2025/01/15082458/MOPA177-jan-2025.pdf
avia,Parkside Village Avia 1 and 2,Downtown,Source geometry available; current detail may differ,No direct exterior 3D download found in inspected page(s); existing City source geometry or documented supplement remains baseline,https://www.lifeatparkside.com/post/voya-takes-shape-as-construction-reaches-new-heights
voya,Voya at Parkside Village,Downtown,published plan-derived illustrative envelope,No direct exterior 3D download found in inspected page(s); existing City source geometry or documented supplement remains baseline,https://www.lifeatparkside.com/post/introducing-voya-at-parkside-village; https://www.lifeatparkside.com/post/voya-takes-shape-as-construction-reaches-new-heights
parkside-block11,Parkside Village Block 11 future phase,Downtown,Latest geometry unavailable in source model,No direct exterior 3D download found in inspected page(s); existing City source geometry or documented supplement remains baseline,https://pub-mississauga.escribemeetings.com/filestream.ashx?DocumentId=34
edge-oro,Edge Towers and Oro,Downtown,Source geometry available; current detail may differ,No direct exterior 3D download found in inspected page(s); existing City source geometry or documented supplement remains baseline,https://www.solmar.ca/oro-at-edge-towers/; https://www.solmar.ca/news
artform,Artform,Cooksville,Latest geometry unavailable in source model,No direct exterior 3D download found in inspected page(s); existing City source geometry or documented supplement remains baseline,https://www.emblemdevcorp.com/projects/artform
keystone,Keystone by Kaneff,Downtown,Municipal source geometry identified and retained,No direct exterior 3D download found in inspected page(s); existing City source geometry or documented supplement remains baseline,https://www.newswire.ca/news-releases/kaneff-group-of-companies-breaks-ground-on-keystone-condos-an-architectural-masterpiece-in-the-heart-of-city-centre-mississauga-offering-buyers-an-unparalleled-investment-opportunity-812164919.html
living-arts-precinct,Living Arts Centre precinct vision,Downtown,Latest geometry unavailable in source model,No direct exterior 3D download found in inspected page(s); existing City source geometry or documented supplement remains baseline,https://www.mississauga.ca/city-of-mississauga-news/news/mississauga-unveils-once-in-a-generation-vision-to-transform-the-downtown-core/; https://www.mississauga.ca/city-of-mississauga-news/news/council-recap-june-24-2026/
325-burnhamthorpe,325 Burnhamthorpe Road West /YMCA lands,Downtown,Source geometry available; current detail may differ,No direct exterior 3D download found in inspected page(s); existing City source geometry or documented supplement remains baseline,https://www.mississauga.ca/publication/opa-21-21-w4-325-burnhamthorpe-road-west/
3600-hurontario,3600 Hurontario Street /Enfield Place II,Downtown,Source geometry available; current detail may differ,No direct exterior 3D download found in inspected page(s); existing City source geometry or documented supplement remains baseline,https://urbantoronto.ca/database/projects/3600-hurontario-street.49725
3680-hurontario-concept,3680 Hurontario Street concept,Downtown,Latest geometry unavailable in source model,No direct exterior 3D download found in inspected page(s); existing City source geometry or documented supplement remains baseline,https://listingsprod.blob.core.windows.net/ourlistings-can/ac3f6f95-f9bf-44b1-b448-0ef7f23482b8/a1b2b9b0-741d-4d9c-a8c4-15814b7a6b5f
brightwater-master,Brightwater / Port Credit West Village,Port Credit,Dated plan-derived concept; storey-based vertical estimate,No direct exterior 3D download found in inspected page(s); existing City source geometry or documented supplement remains baseline,https://experiencebrightwater.ca/; https://pub-mississauga.escribemeetings.com/Meeting.aspx?Agenda=Merged&Id=3a029998-7e38-412d-ae02-2a20023eeedf&lang=English
brightwater-one-two,Brightwater I & II,Port Credit,Municipal source geometry identified and retained,No direct exterior 3D download found in inspected page(s); existing City source geometry or documented supplement remains baseline,https://experiencebrightwater.ca/
brightwater-mason,The Mason at Brightwater,Port Credit,Municipal source geometry identified and retained,No direct exterior 3D download found in inspected page(s); existing City source geometry or documented supplement remains baseline,https://experiencebrightwater.ca/; https://renx.ca/index.php/brightwater-community-is-progressing-in-all-facets
brightwater-bridge-house,Bridge House at Brightwater,Port Credit,Geometry conflict or version uncertainty; inspect evidence,No direct exterior 3D download found in inspected page(s); existing City source geometry or documented supplement remains baseline,https://renx.ca/index.php/brightwater-community-is-progressing-in-all-facets; https://experiencebrightwater.ca/
lakeview-master,Lakeview Village,Lakeview,Geometry conflict or version uncertainty; inspect evidence,No direct exterior 3D download found in inspected page(s); existing City source geometry or documented supplement remains baseline,https://www.mississauga.ca/projects-and-strategies/city-projects/lakeview-waterfront-area-redevelopment/lakeview-village/; https://www.sasaki.com/projects/lakeview-village-master-plan/
lakeview-harbourwalk,Harbourwalk,Lakeview,Latest geometry unavailable in source model,No direct exterior 3D download found in inspected page(s); existing City source geometry or documented supplement remains baseline,https://www.tridel.com/lakeviewvillagecondos/news/; https://www.tridel.com/all-communities/
lakeview-aquanova,Aquanova,Lakeview,Latest geometry unavailable in source model,No direct exterior 3D download found in inspected page(s); existing City source geometry or documented supplement remains baseline,https://greenparkgroup.ca/new-homes/mississauga/aquanova/; https://greenparkgroup.ca/blog/live-easy-is-back/
lakeview-birch,Birch Condos & Towns,Lakeview,Latest geometry unavailable in source model,No direct exterior 3D download found in inspected page(s); existing City source geometry or documented supplement remains baseline,https://staging.branthaven.com/stg/pier-house/; https://www.branthaven.com/communities/pier-house/
lakeview-innovation,Lakeview Innovation District,Lakeview,Latest geometry unavailable in source model,No direct exterior 3D download found in inspected page(s); existing City source geometry or documented supplement remains baseline,https://www.ideamississauga.ca/discover/lakeview-innovation-district/; https://www.mississauga.ca/projects-and-strategies/city-projects/lakeview-waterfront-area-redevelopment/lakeview-village/
rangeview,Rangeview Estates,Lakeview,Latest geometry unavailable in source model,No direct exterior 3D download found in inspected page(s); existing City source geometry or documented supplement remains baseline,https://www.mississauga.ca/services-and-programs/planning-and-development/development-applications/active-development-applications/rangeview-estates-opa-24-11-w1/; https://bousfields.ca/project/rangeview-development-master-plan/
clarkson-toc,Clarkson GO Transit-Oriented Community,Clarkson,Plan-derived schematic envelope,No direct exterior 3D download found in inspected page(s); existing City source geometry or documented supplement remains baseline,https://www.infrastructureontario.ca/clarkson-toc; https://www.mississauga.ca/services-and-programs/planning-and-development/guide-to-city-planning-and-development/guiding-city-growth/transit-oriented-communities/
clarkson-royal-windsor,2077–2105 Royal Windsor Drive,Clarkson,Source geometry available; current detail may differ,No direct exterior 3D download found in inspected page(s); existing City source geometry or documented supplement remains baseline,https://www.mississauga.ca/services-and-programs/planning-and-development/development-applications/active-development-applications/2077-to-2105-royal-windsor-drive-oz-opa-22-31-w2/
port-credit-88-park,88 Park / Port Credit mobility hub,Port Credit,Geometry conflict or version uncertainty; inspect evidence,No direct exterior 3D download found in inspected page(s); existing City source geometry or documented supplement remains baseline,https://edenshaw.com/communities/
port-credit-42-46-park,42–46 Park / Park and Elizabeth,Port Credit,Geometry conflict or version uncertainty; inspect evidence,No direct exterior 3D download found in inspected page(s); existing City source geometry or documented supplement remains baseline,https://edenshaw.com/communities/
port-credit-70-park,70 Park infill,Port Credit,Source-registered settlement zoning-envelope schematic,No direct exterior 3D download found in inspected page(s); existing City source geometry or documented supplement remains baseline,https://www.mississauga.ca/publication/oz-opa-23-1-w1-23-25-29-and-31-helene-street-north-53-queen-street-east-and-70-park-street-east/; https://data.mississauga.ca/pages/mississauga-3d
port-credit-the-ann,The Ann / 10 West,Port Credit,Source geometry available; current detail may differ,No direct exterior 3D download found in inspected page(s); existing City source geometry or documented supplement remains baseline,https://www.mississauga.ca/services-and-programs/planning-and-development/development-applications/active-development-applications/17-and-19-ann-street-84-and-90-high-street-and-91-park-street-east-oz-opa-22-3-w1/
port-credit-42-port,42 Port / 99 Lakeshore,Port Credit,Source geometry available; current detail may differ,No direct exterior 3D download found in inspected page(s); existing City source geometry or documented supplement remains baseline,https://www.mississauga.ca/services-and-programs/planning-and-development/development-applications/active-development-applications/42-port-street-east-and-99-lakeshore-road-east-oz-opa-22-30-w1/
port-credit-one-port,One Port / Marina lands redevelopment,Port Credit,Latest geometry unavailable in source model,No direct exterior 3D download found in inspected page(s); existing City source geometry or documented supplement remains baseline,https://www.mississauga.ca/projects-and-strategies/city-projects/inspiration-port-credit/; https://www.mississauga.ca/projects-and-strategies/environmental-assessments/1-port-street-east-proposed-marina/
port-credit-marina,1 Port Street proposed marina,Port Credit,Latest geometry unavailable in source model,No direct exterior 3D download found in inspected page(s); existing City source geometry or documented supplement remains baseline,https://www.mississauga.ca/projects-and-strategies/environmental-assessments/1-port-street-east-proposed-marina/; https://www.mississauga.ca/projects-and-strategies/city-projects/inspiration-port-credit/
lakeshore-west-900,900 Lakeshore Road West,Port Credit / Lorne Park,Plan-derived schematic with per-floor outlines,No direct exterior 3D download found in inspected page(s); existing City source geometry or documented supplement remains baseline,https://www.mississauga.ca/services-and-programs/planning-and-development/development-applications/active-development-applications/900-lakeshore-road-west-oz-opa-25-8-w2/; https://www.mississauga.ca/publication/oz-opa-25-8-w2-900-lakeshore-road-west-2/
lakeview-caven,579–619 Lakeshore / Caven,Lakeview,Geometry conflict or version uncertainty; inspect evidence,No direct exterior 3D download found in inspected page(s); existing City source geometry or documented supplement remains baseline,https://www.mississauga.ca/services-and-programs/planning-and-development/development-applications/active-development-applications/579-to-619-lakeshore-road-east-1022-and-1028-caven-street-oz-opa-22-26-w1/
lakeview-dxe,Lakeview DXE Club,Lakeview,Source geometry available; current detail may differ,No direct exterior 3D download found in inspected page(s); existing City source geometry or documented supplement remains baseline,https://canada.constructconnect.com/dcn/news/projects/2026/07/pcl-construction-tops-off-lakeview-dxe-club-condo-development?lang=es%2Ffeed; https://obd.hcraontario.ca/profile/B60843
port-credit-tanu,TANU,Port Credit,Latest geometry unavailable in source model,No direct exterior 3D download found in inspected page(s); existing City source geometry or documented supplement remains baseline,https://edenshaw.com/communities/tanu/
port-credit-westport,Westport,Port Credit,Latest geometry unavailable in source model,No direct exterior 3D download found in inspected page(s); existing City source geometry or documented supplement remains baseline,https://edenshaw.com/communities/westport/; https://edenshaw.com/news/edenshaw-developments-and-langara-construction-a-partnership-shaping-mississaugas-skyline/
port-credit-128-lakeshore,128 Lakeshore Road East,Port Credit,Survey-registered plan-derived schematic envelope,No direct exterior 3D download found in inspected page(s); existing City source geometry or documented supplement remains baseline,https://www.omb.gov.on.ca/e-decisions/OLT-22-004078-NOV-03-2023.PDF
lakeview-jim-tovey,Jim Tovey Lakeview Conservation Area,Lakeview,Latest geometry unavailable in source model,No direct exterior 3D download found in inspected page(s); existing City source geometry or documented supplement remains baseline,https://cvc.ca/park-advisories/; https://cvc.ca/documents/plan/
port-credit-170-lakeshore,170 Lakeshore Road East,Port Credit,Source-registered settlement zoning-envelope schematic,No direct exterior 3D download found in inspected page(s); existing City source geometry or documented supplement remains baseline,https://www.omb.gov.on.ca/e-decisions/OLT-22-004584-FEB-24-2025.PDF
port-credit-26-park,26 Park Street East,Port Credit,Plan-derived schematic envelope,No direct exterior 3D download found in inspected page(s); existing City source geometry or documented supplement remains baseline,https://www.mississauga.ca/services-and-programs/planning-and-development/development-applications/active-development-applications/12-and-26-park-street-east-oz-opa-26-13-w1/; https://data.mississauga.ca/pages/mississauga-3d
port-credit-50-high,50 High Street East,Port Credit,Survey-registered plan-derived schematic envelope,No direct exterior 3D download found in inspected page(s); existing City source geometry or documented supplement remains baseline,https://www.mississauga.ca/services-and-programs/planning-and-development/development-applications/active-development-applications/50-high-street-east-oz-25-19-w1/; https://www.mississauga.ca/services-and-programs/building-and-renovating/incentives-for-building-affordable-rental-housing/
lakeview-aura,Aura Towns at Lakeview Village,Lakeview,ten approximate source-plan townhome envelopes; no exact metric heights,No direct exterior 3D download found in inspected page(s); existing City source geometry or documented supplement remains baseline,https://caivan.com/aura/; https://mylakeviewvillage.com/project
lakeview-pier-house,Pier House Towns at Lakeview Village,Lakeview,Latest geometry unavailable in source model,No direct exterior 3D download found in inspected page(s); existing City source geometry or documented supplement remains baseline,https://www.branthaven.com/communities/pier-house/; https://mylakeviewvillage.com/project
lakeview-deco-opus,DECO / OPUS Lakeview Village,Lakeview,Latest geometry unavailable in source model,No direct exterior 3D download found in inspected page(s); existing City source geometry or documented supplement remains baseline,https://opushomes.com/communities/lakeview-village/; https://mylakeviewvillage.com/project
ninth-6344,6344 Ninth Line,Lisgar / Ninth Line,Latest geometry unavailable in source model,No direct exterior 3D download found in inspected page(s); existing City source geometry or documented supplement remains baseline,https://www.mississauga.ca/services-and-programs/planning-and-development/development-applications/active-development-applications/6344-ninth-line-oz-26-11-w10/
chelsea-2026,Chelsea on the Green — 2026 expansion,Applewood / Rathwood,plan-derived models,No direct exterior 3D download found in inspected page(s); existing City source geometry or documented supplement remains baseline,https://www.mississauga.ca/services-and-programs/planning-and-development/development-applications/active-development-applications/4100-ponytrail-drive-and-1850-rathburn-road-east-oz-opa-26-9-w3/; https://chrisfonseca.ca/2026/05/28/4100-ponytrail-dr-community-meeting-notice/
promenade-infill,2233–2235 Hurontario Street,Cooksville,New public-plan-derived schematic now available,No direct exterior 3D download found in inspected page(s); existing City source geometry or documented supplement remains baseline,https://www.mississauga.ca/services-and-programs/planning-and-development/development-applications/active-development-applications/2233-and-2235-hurontario-street-oz-26-8-w7/
ninth-6578,6578 Ninth Line,Lisgar / Ninth Line,Latest geometry unavailable in source model,No direct exterior 3D download found in inspected page(s); existing City source geometry or documented supplement remains baseline,https://www.mississauga.ca/services-and-programs/planning-and-development/development-applications/active-development-applications/6578-ninth-line-oz-26-6-w10/; https://civic-lens.ca/ontario/peel/mississauga/applications/oz-26-6-w-10
bough-beeches-1315,1315 Bough Beeches Boulevard,Applewood / Rathwood,plan-derived model,No direct exterior 3D download found in inspected page(s); existing City source geometry or documented supplement remains baseline,https://www.mississauga.ca/services-and-programs/planning-and-development/development-applications/active-development-applications/1315-bough-beeches-boulevard-oz-opa-26-5-w3/
fowler-1970,1970–1980 Fowler Drive,Sheridan / Clarkson,Latest geometry unavailable in source model,No direct exterior 3D download found in inspected page(s); existing City source geometry or documented supplement remains baseline,https://www.mississauga.ca/services-and-programs/planning-and-development/development-applications/active-development-applications/1970-and-1980-fowler-drive-oz-opa-25-23-w8/
tenth-distribution,Tenth Line distribution centres,Meadowvale / Lisgar,Latest geometry unavailable in source model,No direct exterior 3D download found in inspected page(s); existing City source geometry or documented supplement remains baseline,https://www.mississauga.ca/services-and-programs/planning-and-development/development-applications/active-development-applications/0-tenth-line-west-oz-25-22-w9/; https://www.datacenterdynamics.com/en/news/prologis-files-to-develop-data-center-outside-toronto-canada/
tenth-data,Tenth Line data centre,Meadowvale / Lisgar,Latest geometry unavailable in source model,No direct exterior 3D download found in inspected page(s); existing City source geometry or documented supplement remains baseline,https://www.mississauga.ca/services-and-programs/planning-and-development/development-applications/active-development-applications/0-tenth-line-west-oz-25-21-w9/; https://www.datacenterdynamics.com/en/news/prologis-files-to-develop-data-center-outside-toronto-canada/
hurontario-7140,7140 Hurontario industrial development,Gateway,Latest geometry unavailable in source model,No direct exterior 3D download found in inspected page(s); existing City source geometry or documented supplement remains baseline,https://www.mississauga.ca/services-and-programs/planning-and-development/development-applications/active-development-applications/7140-hurontario-street-21t-m-25-2-w5-and-oz-opa-25-9-w5/
dundas-55,51–55 Dundas West / Agnes Street,Cooksville,plan-derived model,No direct exterior 3D download found in inspected page(s); existing City source geometry or documented supplement remains baseline,https://www.mississauga.ca/services-and-programs/planning-and-development/development-applications/active-development-applications/51-55-dundas-street-west-and-60-66-70-and-78-agnes-street-oz-opa-25-18-w7/
emtc-northwest,Erin Mills Town Centre — northwest phase,Erin Mills,Source geometry available; current detail may differ,No direct exterior 3D download found in inspected page(s); existing City source geometry or documented supplement remains baseline,https://www.mississauga.ca/services-and-programs/planning-and-development/development-applications/active-development-applications/5100-erin-mills-parkway-oz-opa-24-15-w9/
tannery-51,51–57 Tannery Street / 208 Emby Drive,Streetsville,Source geometry available; current detail may differ,No direct exterior 3D download found in inspected page(s); existing City source geometry or documented supplement remains baseline,https://www.mississauga.ca/services-and-programs/planning-and-development/development-applications/active-development-applications/51-and-57-tannery-street-and-208-emby-drive-oz-opa-24-7-w11/
thomas-64,64–66 Thomas / Joymar / Tannery,Streetsville,Source geometry available; current detail may differ,No direct exterior 3D download found in inspected page(s); existing City source geometry or documented supplement remains baseline,https://www.mississauga.ca/services-and-programs/planning-and-development/development-applications/active-development-applications/64-66-thomas-street-95-joymar-drive-and-65-tannery-street/
rutledge-150,150 Rutledge Road,Streetsville,Source geometry available; current detail may differ,No direct exterior 3D download found in inspected page(s); existing City source geometry or documented supplement remains baseline,https://www.mississauga.ca/services-and-programs/planning-and-development/development-applications/active-development-applications/150-rutledge-road-oz-opa-24-12-w11/
dundas-3033,3033 Dundas Street West,Erin Mills,Latest geometry unavailable in source model,No direct exterior 3D download found in inspected page(s); existing City source geometry or documented supplement remains baseline,https://www.mississauga.ca/services-and-programs/planning-and-development/development-applications/active-development-applications/3033-dundas-street-west-oz-opa-25-11-w8/
streetsville-centre,Streetsville Centre plaza redevelopment,Streetsville,Source geometry available; current detail may differ,No direct exterior 3D download found in inspected page(s); existing City source geometry or documented supplement remains baseline,https://www.mississauga.ca/services-and-programs/planning-and-development/development-applications/active-development-applications/120-128-142-154-158-queen-street-south-and-169-crumbie-street-oz-opa-24-8-w11-and-21t-m-24-4-w11/
erin-centre-2555,2555 Erin Centre Boulevard,Erin Mills,Source geometry available; current detail may differ,No direct exterior 3D download found in inspected page(s); existing City source geometry or documented supplement remains baseline,https://www.mississauga.ca/services-and-programs/planning-and-development/development-applications/active-development-applications/2555-erin-centre-boulevard-oz-opa-25-6-w11/
fieldgate-3403,Forest Glen plaza / 3403–3445 Fieldgate,Applewood / Rathwood,Source geometry available; current detail may differ,No direct exterior 3D download found in inspected page(s); existing City source geometry or documented supplement remains baseline,https://www.mississauga.ca/services-and-programs/planning-and-development/development-applications/active-development-applications/3403-to-3445-fieldgate-drive-oz-opa-25-1-w3/
dundas-1000,1000–1024 Dundas Street East,Dixie / Dundas,Source geometry available; current detail may differ,No direct exterior 3D download found in inspected page(s); existing City source geometry or documented supplement remains baseline,https://www.mississauga.ca/services-and-programs/planning-and-development/development-applications/active-development-applications/1000-and-1024-dundas-street-east-oz-opa-22-18-w1/; https://insolvencyinsider.ca/p/morrison-financial-wins-receiver-appointment-over-mississauga-dundas-street-redevelopment-lands
dundas-mattawa,Dundas & Mattawa,Dixie / Dundas,Source geometry available; current detail may differ,No direct exterior 3D download found in inspected page(s); existing City source geometry or documented supplement remains baseline,https://www.mississauga.ca/services-and-programs/planning-and-development/development-applications/active-development-applications/1580-to-1650-dundas-street-east-oz-opa-22-22-w1-and-tm-22004/; https://www.hazelview.com/private-real-estate-investing/development-management/developments/1580-1650-dundas-street-east
dundas-1995,1995 Dundas Street East,Dixie / Dundas,Source geometry available; current detail may differ,No direct exterior 3D download found in inspected page(s); existing City source geometry or documented supplement remains baseline,https://www.mississauga.ca/services-and-programs/planning-and-development/development-applications/active-development-applications/1995-dundas-street-east-oz-opa-25-5-w3-and-21t-m-25-1-w3/; https://landealgroup.com/1995-dundas/
bloor-1785,1785 Bloor Street infill,Applewood / Rathwood,Source geometry available; current detail may differ,No direct exterior 3D download found in inspected page(s); existing City source geometry or documented supplement remains baseline,https://www.mississauga.ca/services-and-programs/planning-and-development/development-applications/active-development-applications/1785-bloor-street-oz-opa-22-14-w3/; https://sajeckiplanning.squarespace.com/projects/1785-bloor-street-mississauga
connecting-cooksville,Connecting Cooksville,Cooksville,Source geometry available; current detail may differ,No direct exterior 3D download found in inspected page(s); existing City source geometry or documented supplement remains baseline,https://www.mississauga.ca/services-and-programs/planning-and-development/development-applications/active-development-applications/25-and-33-hillcrest-avenue-and-3146-3154-and-3168-hurontario-street-oz-opa-22-19-w7/; https://tasimpact.ca/project/connecting-cooksville/
hurontario-3085,3085 Hurontario Street,Cooksville,Source geometry available; current detail may differ,No direct exterior 3D download found in inspected page(s); existing City source geometry or documented supplement remains baseline,https://www.mississauga.ca/services-and-programs/planning-and-development/development-applications/active-development-applications/3085-hurontario-street-oz-opa-21-11-w7/
erin-mills-4099,4099 Erin Mills Parkway,Erin Mills,Source geometry available; current detail may differ,No direct exterior 3D download found in inspected page(s); existing City source geometry or documented supplement remains baseline,https://www.mississauga.ca/services-and-programs/planning-and-development/development-applications/active-development-applications/4099-erin-mills-parkway-oz-opa-22-25-w8/
dundas-1225,1225 Dundas Street East,Dixie / Dundas,Duplicate or superseded source geometry excluded; inspect replacement evidence,No direct exterior 3D download found in inspected page(s); existing City source geometry or documented supplement remains baseline,https://www.mississauga.ca/services-and-programs/planning-and-development/development-applications/active-development-applications/1225-dundas-street-east-oz-opa-22-20-w3/
hurontario-3115,3115 Hurontario / Dam residential tower,Cooksville,Source geometry available; current detail may differ,No direct exterior 3D download found in inspected page(s); existing City source geometry or documented supplement remains baseline,https://www.mississauga.ca/services-and-programs/planning-and-development/development-applications/active-development-applications/3115-hurontario-street-oz-opa-22-24-w7/
beverley-5,5–9 Beverley Street,Malton,Source geometry available; current detail may differ,No direct exterior 3D download found in inspected page(s); existing City source geometry or documented supplement remains baseline,https://www.mississauga.ca/services-and-programs/planning-and-development/development-applications/active-development-applications/5-7-and-9-beverley-street-oz-opa-22-27-w5/
hurontario-6333,6333 Hurontario self-storage / commercial,Gateway / Heartland,Source geometry available; current detail may differ,No direct exterior 3D download found in inspected page(s); existing City source geometry or documented supplement remains baseline,https://www.mississauga.ca/services-and-programs/planning-and-development/development-applications/active-development-applications/6333-hurontario-street-oz-21-1-w5/
goreway-7170,7170 Goreway Drive,Malton,Source geometry available; current detail may differ,No direct exterior 3D download found in inspected page(s); existing City source geometry or documented supplement remains baseline,https://www.mississauga.ca/services-and-programs/planning-and-development/development-applications/active-development-applications/7170-goreway-drive-oz-18-13-w5/
ninth-5034,5034–5080 Ninth Line,Churchill Meadows / Ninth Line,Source geometry available; current detail may differ,No direct exterior 3D download found in inspected page(s); existing City source geometry or documented supplement remains baseline,https://www.mississauga.ca/services-and-programs/planning-and-development/development-applications/active-development-applications/5034-5054-5080-ninth-line-oz-opa-21-15-and-21t-m21004-w10/; https://www.mississauga.ca/services-and-programs/building-and-renovating/incentives-for-building-affordable-rental-housing/
cooksville-toc,Cooksville GO transit-oriented community,Cooksville,dated 2025 plan-derived approximate tower envelopes; podiums and facades omitted,No direct exterior 3D download found in inspected page(s); existing City source geometry or documented supplement remains baseline,https://www.mississauga.ca/publication/toc-cooksville-3210-hurontario-street/; https://www.infrastructureontario.ca/en/what-we-do/projectssearch/cooksville-go-transit-oriented-community/
john-69,69–117 John Street,Cooksville,Duplicate or superseded source geometry excluded; inspect replacement evidence,No direct exterior 3D download found in inspected page(s); existing City source geometry or documented supplement remains baseline,https://www.mississauga.ca/wp-content/uploads/2025/09/19121446/Shadow-Study-Report-OZ-OPA-24-16-W7-October-2025.pdf
glen-erin-6719,6719–6749 Glen Erin Drive,Meadowvale,Source geometry available; current detail may differ,No direct exterior 3D download found in inspected page(s); existing City source geometry or documented supplement remains baseline,https://www.mississauga.ca/services-and-programs/building-and-renovating/incentives-for-building-affordable-rental-housing/
winston-6020,6020 Winston Churchill Boulevard,Meadowvale,Source geometry available; current detail may differ,No direct exterior 3D download found in inspected page(s); existing City source geometry or documented supplement remains baseline,https://skyrisecities.com/forum/threads/toronto-6020-winston-churchill-boulevard-16-59m-4s-2421845-ontario-inc-john-willmott-architect.33768/; https://mpulse.ca/local-developer-builds-affordable-low-rise-housing-in-meadowvale/
brandon-3233,3233 Brandon Gate Drive,Malton,Latest geometry unavailable in source model,No direct exterior 3D download found in inspected page(s); existing City source geometry or documented supplement remains baseline,https://www.mississauga.ca/wp-content/uploads/2025/10/09161455/REVISED-HOZNOTICE-H-OZ-25-1-3233-Brandon-Gate-Dr.pdf
watergarden,Pinnacle Uptown / Watergarden / Gemma,Uptown,Source geometry available; current detail may differ,No direct exterior 3D download found in inspected page(s); existing City source geometry or documented supplement remains baseline,https://www7.mississauga.ca/documents/Business/Planning_Justification_Report_-_June_2018_0_and_5044_Hurontario_St.pdf
mississauga-hospital,Peter Gilgan Mississauga Hospital / Shah Family Hospital,Cooksville / Queensway,Source geometry available; current detail may differ,No direct exterior 3D download found in inspected page(s); existing City source geometry or documented supplement remains baseline,https://www.thp.ca/newsroom/Pages/2026/THP-marks-major-milestone-laying-the-foundation-at-Mississauga%E2%80%99s-future-hospital.aspx
agnes-65,65–73 Agnes Street,Cooksville,Duplicate or superseded source geometry excluded; inspect replacement evidence,No direct exterior 3D download found in inspected page(s); existing City source geometry or documented supplement remains baseline,https://www.mississauga.ca/services-and-programs/building-and-renovating/incentives-for-building-affordable-rental-housing/; https://www.intentionalcapital.com/projects/six-five-agnes
orchard-189,The Orchard District / 189 Dundas Street West,Cooksville,Duplicate or superseded source geometry excluded; inspect replacement evidence,No direct exterior 3D download found in inspected page(s); existing City source geometry or documented supplement remains baseline,https://www.omb.gov.on.ca/e-decisions/OLT-22-004125-JAN-19-2024.PDF
tomken-4094,4094 Tomken / 924 Rathburn,Rathwood,Source geometry available; current detail may differ,No direct exterior 3D download found in inspected page(s); existing City source geometry or documented supplement remains baseline,https://www.kindredworks.ca/projects/4094-tomken-road; https://chrisfonseca.ca/4094tomken/
st-luke-westminster,St Luke’s seniors housing / 4150 Westminster Place,Rathwood,Source geometry available; current detail may differ,No direct exterior 3D download found in inspected page(s); existing City source geometry or documented supplement remains baseline,https://www.mississauga.ca/services-and-programs/building-and-renovating/incentives-for-building-affordable-rental-housing/
lolita-596,596 Lolita Gardens,Mississauga Valley,Source geometry available; current detail may differ,No direct exterior 3D download found in inspected page(s); existing City source geometry or documented supplement remains baseline,https://ca.linkedin.com/company/park-property-management-inc/
agnes-45,45 Agnes Street / 3051 Cook Street,Cooksville,Source geometry available; current detail may differ,No direct exterior 3D download found in inspected page(s); existing City source geometry or documented supplement remains baseline,https://www.flickr.com/photos/drum118/55303100913
kirwin-3016,3016–3034 Kirwin Avenue / Little John Lane,Cooksville,Source geometry available; current detail may differ,No direct exterior 3D download found in inspected page(s); existing City source geometry or documented supplement remains baseline,https://peelregion.ca/sites/default/files/2024-10/kirwin-ave-EA-appendix-K-contact-list-project-notifications.pdf
argyle-2570,2570–2590 Argyle Road,Cooksville / Erindale,Source geometry available; current detail may differ,No direct exterior 3D download found in inspected page(s); existing City source geometry or documented supplement remains baseline,https://services6.arcgis.com/hM5ymMLbxIyWTjn2/arcgis/rest/services/Growth_Management_%E2%80%93_Active_Development_Applications/FeatureServer/0/query?where=OBJECTID%3D112&outFields=*&outSR=4326&f=pjson
courtney-630,630–670 Courtney Valley Road,East Credit,Source geometry available; current detail may differ,No direct exterior 3D download found in inspected page(s); existing City source geometry or documented supplement remains baseline,https://www7.mississauga.ca/documents/agendas/committees/pdc/2015/10-05-2015_PDC_Agenda.pdf
absolute-world,Absolute World / Marilyn Monroe Towers,downtown,source-derived distinct56/50-floor tower forms; interpolated south rotation and illustrative facade detail,No direct exterior 3D download found in inspected page(s); existing City source geometry or documented supplement remains baseline,https://www.i-mad.com/projects/absolute-towers; https://archdwg.ca/absolute-world/
brightwater-credit-river-way,Credit River Way,Port Credit,Municipal source geometry identified and retained,No direct exterior 3D download found in inspected page(s); existing City source geometry or documented supplement remains baseline,https://peelregion.ca/business/housing-development/credit-river-way
